{"accelerometer": {"noise_density": 5.33367574767271e-05, "random_walk": 1.7320508075688772}, "gyroscope": {"noise_density": 5.33367574767271e-05, "random_walk": 1.7320508075688772}}